电影名称,电影评分,电影地区,电影类型,电影页面链接,电影海报图片链接
心灵融合,9.5,美国,科幻,https://movie.douban.com/subject/5131881/,https://img1.doubanio.com/view/photo/s_ratio_poster/public/p2511552687.jpg
瑞克与莫蒂之精致死尸,9.4,美国,科幻,https://movie.douban.com/subject/27101676/,https://img1.doubanio.com/view/photo/s_ratio_poster/public/p2494617459.jpg
亲爱的安杰丽卡,9.4,美国,科幻,https://movie.douban.com/subject/27600170/,https://img1.doubanio.com/view/photo/s_ratio_poster/public/p2511435169.jpg
盗梦空间,9.3,美国,科幻,https://movie.douban.com/subject/3541415/,https://img3.doubanio.com/view/photo/s_ratio_poster/public/p513344864.jpg
机器人总动员,9.3,美国,科幻,https://movie.douban.com/subject/2131459/,https://img3.doubanio.com/view/photo/s_ratio_poster/public/p1461851991.jpg
守望先锋：双龙,9.3,美国,科幻,https://movie.douban.com/subject/26860017/,https://img3.doubanio.com/view/photo/s_ratio_poster/public/p2417863546.jpg
萤火虫10周年纪念,9.3,美国,科幻,https://movie.douban.com/subject/24882604/,https://img3.doubanio.com/view/photo/s_ratio_poster/public/p2161889323.jpg
历史频道 - 宇宙系列：大爆炸开始,9.3,美国,科幻,https://movie.douban.com/subject/4714475/,https://img3.doubanio.com/view/subject/l/public/s4227350.jpg
星际穿越,9.2,美国,科幻,https://movie.douban.com/subject/1889243/,https://img3.doubanio.com/view/photo/s_ratio_poster/public/p2206088801.jpg
超感猎杀：完结特别篇,9.2,美国,科幻,https://movie.douban.com/subject/27040774/,https://img3.doubanio.com/view/photo/s_ratio_poster/public/p2520264840.jpg
守望先锋：最后的堡垒,9.2,美国,科幻,https://movie.douban.com/subject/26860014/,https://img3.doubanio.com/view/photo/s_ratio_poster/public/p2501625602.jpg
楚门的世界,9.1,美国,科幻,https://movie.douban.com/subject/1292064/,https://img3.doubanio.com/view/photo/s_ratio_poster/public/p479682972.jpg
蝙蝠侠：黑暗骑士,9.1,美国,科幻,https://movie.douban.com/subject/1851857/,https://img3.doubanio.com/view/photo/s_ratio_poster/public/p462657443.jpg
机器的复兴：第1部,9.1,美国,科幻,https://movie.douban.com/subject/2049553/,https://img3.doubanio.com/view/photo/s_ratio_poster/public/p2189949483.jpg
机器的复兴：第2部,9.1,美国,科幻,https://movie.douban.com/subject/2049556/,https://img3.doubanio.com/view/photo/s_ratio_poster/public/p2189949652.jpg
如此美好的一天(短片),9.1,美国,科幻,https://movie.douban.com/subject/10598713/,https://img3.doubanio.com/view/photo/s_ratio_poster/public/p2395484381.jpg
电焊工波力,9.0,美国,科幻,https://movie.douban.com/subject/3338821/,https://img3.doubanio.com/view/photo/s_ratio_poster/public/p1202712652.jpg
世界纪录,9.0,美国,科幻,https://movie.douban.com/subject/2049559/,https://img3.doubanio.com/view/photo/s_ratio_poster/public/p2189185870.jpg
最棒的怪物,9.0,美国,科幻,https://movie.douban.com/subject/20393812/,https://img1.doubanio.com/view/subject/l/public/s24428449.jpg
星际牛仔,9.5,日本,科幻,https://movie.douban.com/subject/26883616/,https://img3.doubanio.com/view/photo/s_ratio_poster/public/p2385967281.jpg
新世纪福音战士剧场版：Air/真心为你,9.4,日本,科幻,https://movie.douban.com/subject/1308892/,https://img3.doubanio.com/view/photo/s_ratio_poster/public/p453716993.jpg
福音战士新剧场版：破,9.3,日本,科幻,https://movie.douban.com/subject/2567646/,https://img3.doubanio.com/view/photo/s_ratio_poster/public/p1026522114.jpg
新世纪福音战士剧场版：复兴,9.3,日本,科幻,https://movie.douban.com/subject/20458867/,https://img3.doubanio.com/view/photo/s_ratio_poster/public/p2227584460.jpg
新世纪福音战士剧场版：死与新生,9.2,日本,科幻,https://movie.douban.com/subject/1455442/,https://img3.doubanio.com/view/photo/s_ratio_poster/public/p454134242.jpg
福音战士新剧场版：序,9.1,日本,科幻,https://movie.douban.com/subject/1968790/,https://img3.doubanio.com/view/photo/s_ratio_poster/public/p2411110730.jpg
命运石之门：横行跋扈的浪荡之徒,9.1,日本,科幻,https://movie.douban.com/subject/10521690/,https://img3.doubanio.com/view/photo/s_ratio_poster/public/p1432532161.jpg
机动战士高达 THE ORIGIN III 破晓的起义,9.1,日本,科幻,https://movie.douban.com/subject/26359261/,https://img3.doubanio.com/view/photo/s_ratio_poster/public/p2325456546.jpg
2112年 哆啦A梦诞生,9.1,日本,科幻,https://movie.douban.com/subject/3558793/,https://img1.doubanio.com/view/photo/s_ratio_poster/public/p2507589858.jpg
新世纪福音战士 第0:0话 诞生之始,9.1,日本,科幻,https://movie.douban.com/subject/26306741/,https://img3.doubanio.com/view/photo/s_ratio_poster/public/p2222846543.jpg
银河英雄传说：新战争的序曲,9.1,日本,科幻,https://movie.douban.com/subject/3542229/,https://img3.doubanio.com/view/photo/s_ratio_poster/public/p2518590956.jpg
银河英雄传说：我的征途是星辰大海,9.1,日本,科幻,https://movie.douban.com/subject/3542206/,https://img1.doubanio.com/view/photo/s_ratio_poster/public/p2530472689.jpg
时空之轮2,9.1,日本,科幻,https://movie.douban.com/subject/2158683/,https://img3.doubanio.com/view/photo/s_ratio_poster/public/p2182731176.jpg
攻壳机动队2：无罪,9.0,日本,科幻,https://movie.douban.com/subject/1291566/,https://img1.doubanio.com/view/photo/s_ratio_poster/public/p1910832189.jpg
凉宫春日的消失,9.0,日本,科幻,https://movie.douban.com/subject/4074292/,https://img3.doubanio.com/view/photo/s_ratio_poster/public/p2246432125.jpg
机动战士高达：逆袭的夏亚,9.0,日本,科幻,https://movie.douban.com/subject/1401536/,https://img3.doubanio.com/view/photo/s_ratio_poster/public/p546980785.jpg
新世纪福音战士 第0:0'话 来自黑暗之光,9.0,日本,科幻,https://movie.douban.com/subject/25815018/,https://img1.doubanio.com/view/photo/s_ratio_poster/public/p2167258298.jpg
赛文奥特曼 我是地球人,9.0,日本,科幻,https://movie.douban.com/subject/5041031/,https://img3.doubanio.com/view/subject/l/public/s4444833.jpg
高智能方程式赛车 TV总集篇,9.0,日本,科幻,https://movie.douban.com/subject/4906417/,https://img3.doubanio.com/view/subject/l/public/s4412555.jpg
宇宙快递,9.0,韩国,科幻,https://movie.douban.com/subject/25884822/,https://img3.doubanio.com/view/photo/s_ratio_poster/public/p2229847445.jpg
神秘博士2005慈善特辑：帮助儿童,9.4,英国,科幻,https://movie.douban.com/subject/10577674/,https://img3.doubanio.com/view/photo/s_ratio_poster/public/p1826505672.jpg
盗梦空间,9.3,英国,科幻,https://movie.douban.com/subject/3541415/,https://img3.doubanio.com/view/photo/s_ratio_poster/public/p513344864.jpg
神秘博士特别篇：时间尽头(下),9.3,英国,科幻,https://movie.douban.com/subject/4215755/,https://img1.doubanio.com/view/photo/s_ratio_poster/public/p2151699747.jpg
星际穿越,9.2,英国,科幻,https://movie.douban.com/subject/1889243/,https://img3.doubanio.com/view/photo/s_ratio_poster/public/p2206088801.jpg
神秘博士：时间冲撞,9.2,英国,科幻,https://movie.douban.com/subject/4188543/,https://img3.doubanio.com/view/photo/s_ratio_poster/public/p2523700570.jpg
蝙蝠侠：黑暗骑士,9.1,英国,科幻,https://movie.douban.com/subject/1851857/,https://img3.doubanio.com/view/photo/s_ratio_poster/public/p462657443.jpg
黑镜：圣诞特别篇,9.1,英国,科幻,https://movie.douban.com/subject/25964630/,https://img3.doubanio.com/view/photo/s_ratio_poster/public/p2233676442.jpg
最棒的同伴,9.1,英国,科幻,https://movie.douban.com/subject/20399058/,https://img1.doubanio.com/view/subject/l/public/s24439949.jpg
神秘博士：火星之水,9.0,英国,科幻,https://movie.douban.com/subject/4144683/,https://img3.doubanio.com/view/photo/s_ratio_poster/public/p2151616662.jpg
神秘博士圣诞时刻,9.0,英国,科幻,https://movie.douban.com/subject/21354158/,https://img3.doubanio.com/view/subject/l/public/s24976003.jpg
最棒的怪物,9.0,英国,科幻,https://movie.douban.com/subject/20393812/,https://img1.doubanio.com/view/subject/l/public/s24428449.jpg
星际穿越,9.2,加拿大,科幻,https://movie.douban.com/subject/1889243/,https://img3.doubanio.com/view/photo/s_ratio_poster/public/p2206088801.jpg
霸王别姬,9.5,中国大陆,爱情,https://movie.douban.com/subject/1291546/,https://img3.doubanio.com/view/photo/s_ratio_poster/public/p1910813120.jpg
大话西游之大圣娶亲,9.2,中国大陆,爱情,https://movie.douban.com/subject/1292213/,https://img3.doubanio.com/view/photo/s_ratio_poster/public/p2455050536.jpg
狐妖小红娘剧场版：月红篇,9.2,中国大陆,爱情,https://movie.douban.com/subject/26972694/,https://img3.doubanio.com/view/photo/s_ratio_poster/public/p2427045524.jpg
哀乐中年,9.2,中国大陆,爱情,https://movie.douban.com/subject/4719384/,https://img3.doubanio.com/view/photo/s_ratio_poster/public/p2029574250.jpg
狐妖小红娘剧场版：王权富贵,9.1,中国大陆,爱情,https://movie.douban.com/subject/26946612/,https://img3.doubanio.com/view/photo/s_ratio_poster/public/p2409467410.jpg
芙蓉镇,9.0,中国大陆,爱情,https://movie.douban.com/subject/1297880/,https://img3.doubanio.com/view/photo/s_ratio_poster/public/p2368389240.jpg
红楼梦,9.0,中国大陆,爱情,https://movie.douban.com/subject/1329969/,https://img3.doubanio.com/view/photo/s_ratio_poster/public/p2322451692.jpg
迈克尔·杰克逊：音乐历史专辑全集,9.6,美国,爱情,https://movie.douban.com/subject/2122919/,https://img3.doubanio.com/view/subject/l/public/s2541232.jpg
迈克尔·杰克逊：专辑历史记录第二辑,9.6,美国,爱情,https://movie.douban.com/subject/1857382/,https://img1.doubanio.com/view/subject/l/public/s4145497.jpg
阿甘正传,9.4,美国,爱情,https://movie.douban.com/subject/1292720/,https://img1.doubanio.com/view/photo/s_ratio_poster/public/p510876377.jpg
泰坦尼克号,9.3,美国,爱情,https://movie.douban.com/subject/1292722/,https://img3.doubanio.com/view/photo/s_ratio_poster/public/p457760035.jpg
机器人总动员,9.3,美国,爱情,https://movie.douban.com/subject/2131459/,https://img3.doubanio.com/view/photo/s_ratio_poster/public/p1461851991.jpg
摩登时代,9.2,美国,爱情,https://movie.douban.com/subject/1294371/,https://img3.doubanio.com/view/photo/s_ratio_poster/public/p2173707976.jpg
乱世佳人,9.2,美国,爱情,https://movie.douban.com/subject/1300267/,https://img3.doubanio.com/view/photo/s_ratio_poster/public/p1963126880.jpg
城市之光,9.2,美国,爱情,https://movie.douban.com/subject/1293908/,https://img3.doubanio.com/view/photo/s_ratio_poster/public/p2099815842.jpg
生活多美好,9.2,美国,爱情,https://movie.douban.com/subject/1293749/,https://img1.doubanio.com/view/photo/s_ratio_poster/public/p771490367.jpg
博士的女伴,9.2,美国,爱情,https://movie.douban.com/subject/11625156/,https://img3.doubanio.com/view/photo/s_ratio_poster/public/p1876814414.jpg
马戏团,9.1,美国,爱情,https://movie.douban.com/subject/1299628/,https://img3.doubanio.com/view/photo/s_ratio_poster/public/p2248445275.jpg
稻草人,9.1,美国,爱情,https://movie.douban.com/subject/1867778/,https://img1.doubanio.com/view/photo/s_ratio_poster/public/p2503556327.jpg
艾蒂与茜雅：漫长婚约,9.1,美国,爱情,https://movie.douban.com/subject/4152738/,https://img3.doubanio.com/view/photo/s_ratio_poster/public/p1509382174.jpg
雨中曲,9.0,美国,爱情,https://movie.douban.com/subject/1293460/,https://img3.doubanio.com/view/photo/s_ratio_poster/public/p1612355875.jpg
淘金记,9.0,美国,爱情,https://movie.douban.com/subject/1298817/,https://img3.doubanio.com/view/photo/s_ratio_poster/public/p1581774481.jpg
霸王别姬,9.5,香港,爱情,https://movie.douban.com/subject/1291546/,https://img3.doubanio.com/view/photo/s_ratio_poster/public/p1910813120.jpg
蝶影红梨记,9.3,香港,爱情,https://movie.douban.com/subject/4047730/,https://img3.doubanio.com/view/photo/s_ratio_poster/public/p2517260323.jpg
紫钗记,9.3,香港,爱情,https://movie.douban.com/subject/1401219/,https://img1.doubanio.com/view/photo/s_ratio_poster/public/p2274298717.jpg
大话西游之大圣娶亲,9.2,香港,爱情,https://movie.douban.com/subject/1292213/,https://img3.doubanio.com/view/photo/s_ratio_poster/public/p2455050536.jpg
南海十三郎,9.1,香港,爱情,https://movie.douban.com/subject/1303913/,https://img1.doubanio.com/view/photo/s_ratio_poster/public/p2328424489.jpg
KinKi Kids 你不在身边的夏天 songs,9.7,日本,爱情,https://movie.douban.com/subject/27605662/,https://img3.doubanio.com/view/photo/s_ratio_poster/public/p2507748550.jpg
我和我的女孩,9.6,日本,爱情,https://movie.douban.com/subject/11577118/,https://img3.doubanio.com/view/photo/s_ratio_poster/public/p2510934952.jpg
KinKi Kids ～硝子の少年達の「今」～,9.6,日本,爱情,https://movie.douban.com/subject/26920950/,https://img1.doubanio.com/view/photo/s_ratio_poster/public/p2399937958.jpg
飄,9.4,日本,爱情,https://movie.douban.com/subject/26555978/,https://img3.doubanio.com/view/photo/s_ratio_poster/public/p2256610543.jpg
最完美的离婚 2014特别篇,9.1,日本,爱情,https://movie.douban.com/subject/25790749/,https://img1.doubanio.com/view/photo/s_ratio_poster/public/p2186872257.jpg
元气少女缘结神OVA：神明 幸福美满,9.1,日本,爱情,https://movie.douban.com/subject/26899000/,https://img3.doubanio.com/view/photo/s_ratio_poster/public/p2391890320.jpg
情迷意乱,9.1,日本,爱情,https://movie.douban.com/subject/1422091/,https://img3.doubanio.com/view/photo/s_ratio_poster/public/p1449763371.jpg
倒数第二次恋爱 2012秋SP,9.1,日本,爱情,https://movie.douban.com/subject/19955789/,https://img3.doubanio.com/view/photo/s_ratio_poster/public/p1998695160.jpg
高智能方程式赛车 TV总集篇,9.0,日本,爱情,https://movie.douban.com/subject/4906417/,https://img3.doubanio.com/view/subject/l/public/s4412555.jpg
奥丁领域,9.0,日本,爱情,https://movie.douban.com/subject/5450837/,https://img3.doubanio.com/view/photo/s_ratio_poster/public/p784512610.jpg
我爱你,9.0,韩国,爱情,https://movie.douban.com/subject/5908478/,https://img1.doubanio.com/view/photo/s_ratio_poster/public/p1075591188.jpg
亲爱的，不要跨过那条江,9.0,韩国,爱情,https://movie.douban.com/subject/25978207/,https://img3.doubanio.com/view/photo/s_ratio_poster/public/p2209948211.jpg
无事生非 (2011年伦敦Wyndham剧院版),9.4,英国,爱情,https://movie.douban.com/subject/26763132/,https://img1.doubanio.com/view/photo/s_ratio_poster/public/p2328040727.jpg
博士的女伴,9.2,英国,爱情,https://movie.douban.com/subject/11625156/,https://img3.doubanio.com/view/photo/s_ratio_poster/public/p1876814414.jpg
snorks,9.2,英国,爱情,https://movie.douban.com/subject/1863428/,https://img3.doubanio.com/view/subject/l/public/s1796635.jpg
第十二夜,9.1,英国,爱情,https://movie.douban.com/subject/26994997/,https://img3.doubanio.com/view/photo/s_ratio_poster/public/p2445773970.jpg
爱的奇迹,9.0,英国,爱情,https://movie.douban.com/subject/2119286/,https://img3.doubanio.com/view/photo/s_ratio_poster/public/p533191776.jpg
巴黎圣母院,9.3,法国,爱情,https://movie.douban.com/subject/20326557/,https://img3.doubanio.com/view/photo/s_ratio_poster/public/p2329626263.jpg
罗密欧与朱丽叶,9.3,法国,爱情,https://movie.douban.com/subject/25928148/,https://img3.doubanio.com/view/photo/s_ratio_poster/public/p2224933614.jpg
天堂电影院,9.1,法国,爱情,https://movie.douban.com/subject/1291828/,https://img3.doubanio.com/view/photo/s_ratio_poster/public/p1910901025.jpg
沉静如海,9.0,法国,爱情,https://movie.douban.com/subject/1769507/,https://img1.doubanio.com/view/photo/s_ratio_poster/public/p541622159.jpg
卡比利亚之夜,9.0,法国,爱情,https://movie.douban.com/subject/1294781/,https://img1.doubanio.com/view/photo/s_ratio_poster/public/p2204675868.jpg
爱的奇迹,9.0,德国,爱情,https://movie.douban.com/subject/2119286/,https://img3.doubanio.com/view/photo/s_ratio_poster/public/p533191776.jpg
美丽人生,9.5,意大利,爱情,https://movie.douban.com/subject/1292063/,https://img3.doubanio.com/view/photo/s_ratio_poster/public/p510861873.jpg
灿烂人生,9.4,意大利,爱情,https://movie.douban.com/subject/1291831/,https://img3.doubanio.com/view/photo/s_ratio_poster/public/p1161132422.jpg
天堂电影院,9.1,意大利,爱情,https://movie.douban.com/subject/1291828/,https://img3.doubanio.com/view/photo/s_ratio_poster/public/p1910901025.jpg
卡比利亚之夜,9.0,意大利,爱情,https://movie.douban.com/subject/1294781/,https://img1.doubanio.com/view/photo/s_ratio_poster/public/p2204675868.jpg
三傻大闹宝莱坞,9.2,印度,爱情,https://movie.douban.com/subject/3793023/,https://img3.doubanio.com/view/photo/s_ratio_poster/public/p579729551.jpg
清秀佳人第二部,9.3,加拿大,爱情,https://movie.douban.com/subject/5047697/,https://img3.doubanio.com/view/photo/s_ratio_poster/public/p1968503455.jpg
婚姻生活,9.0,瑞典,爱情,https://movie.douban.com/subject/1292981/,https://img1.doubanio.com/view/photo/s_ratio_poster/public/p2037298187.jpg
控方证人,9.6,美国,悬疑,https://movie.douban.com/subject/1296141/,https://img1.doubanio.com/view/photo/s_ratio_poster/public/p1505392928.jpg
十二怒汉,9.4,美国,悬疑,https://movie.douban.com/subject/10583098/,https://img3.doubanio.com/view/photo/s_ratio_poster/public/p2153875961.jpg
控方证人,9.4,美国,悬疑,https://movie.douban.com/subject/5294851/,https://img3.doubanio.com/view/photo/s_ratio_poster/public/p2367853261.jpg
疑犯追踪 试播集,9.4,美国,悬疑,https://movie.douban.com/subject/24700683/,https://img1.doubanio.com/view/photo/s_ratio_poster/public/p1974739828.jpg
盗梦空间,9.3,美国,悬疑,https://movie.douban.com/subject/3541415/,https://img3.doubanio.com/view/photo/s_ratio_poster/public/p513344864.jpg
搏击俱乐部,9.0,美国,悬疑,https://movie.douban.com/subject/1292000/,https://img1.doubanio.com/view/photo/s_ratio_poster/public/p1910926158.jpg
网络谜踪,9.0,美国,悬疑,https://movie.douban.com/subject/27615441/,https://img3.doubanio.com/view/photo/s_ratio_poster/public/p2521592656.jpg
无间道,9.1,香港,悬疑,https://movie.douban.com/subject/1307914/,https://img3.doubanio.com/view/photo/s_ratio_poster/public/p2233971046.jpg
出租车司机的推理日记36,,日本,悬疑,https://movie.douban.com/subject/30156260/,https://img3.doubanio.com/f/movie/30c6263b6db26d055cbbe73fe653e29014142ea3/pics/movie/movie_default_large.png
古畑任三郎 最后之舞,9.1,日本,悬疑,https://movie.douban.com/subject/10558406/,https://img3.doubanio.com/view/photo/s_ratio_poster/public/p2155138955.jpg
时空之轮2,9.1,日本,悬疑,https://movie.douban.com/subject/2158683/,https://img3.doubanio.com/view/photo/s_ratio_poster/public/p2182731176.jpg
古畑任三郎完结篇 重生之死,9.0,日本,悬疑,https://movie.douban.com/subject/10558405/,https://img1.doubanio.com/view/photo/s_ratio_poster/public/p2155138409.jpg
空之境界 俯瞰风景3D,9.1,日本,悬疑,https://movie.douban.com/subject/22297118/,https://img1.doubanio.com/view/photo/s_ratio_poster/public/p1970318059.jpg
控方证人,9.4,英国,悬疑,https://movie.douban.com/subject/5294851/,https://img3.doubanio.com/view/photo/s_ratio_poster/public/p2367853261.jpg
盗梦空间,9.3,英国,悬疑,https://movie.douban.com/subject/3541415/,https://img3.doubanio.com/view/photo/s_ratio_poster/public/p513344864.jpg
红发会,9.2,英国,悬疑,https://movie.douban.com/subject/3603181/,https://img3.doubanio.com/view/photo/s_ratio_poster/public/p2511442242.jpg
王冠宝石案,9.2,英国,悬疑,https://movie.douban.com/subject/3712239/,https://img1.doubanio.com/view/photo/s_ratio_poster/public/p2526111308.jpg
最后一案,9.2,英国,悬疑,https://movie.douban.com/subject/3603187/,https://img3.doubanio.com/view/photo/s_ratio_poster/public/p2511441944.jpg
布鲁斯—帕廷顿计划,9.2,英国,悬疑,https://movie.douban.com/subject/3607057/,https://img3.doubanio.com/view/photo/s_ratio_poster/public/p2511443640.jpg
诺伍德的建筑师,9.2,英国,悬疑,https://movie.douban.com/subject/3603169/,https://img3.doubanio.com/view/photo/s_ratio_poster/public/p2511442211.jpg
住院的病人,9.2,英国,悬疑,https://movie.douban.com/subject/3603173/,https://img3.doubanio.com/view/photo/s_ratio_poster/public/p2511442284.jpg
空屋,9.2,英国,悬疑,https://movie.douban.com/subject/3603208/,https://img3.doubanio.com/view/photo/s_ratio_poster/public/p2511442621.jpg
马斯格雷夫仪式,9.2,英国,悬疑,https://movie.douban.com/subject/3607017/,https://img1.doubanio.com/view/photo/s_ratio_poster/public/p2518184319.jpg
显贵的主顾,9.2,英国,悬疑,https://movie.douban.com/subject/3676849/,https://img3.doubanio.com/view/photo/s_ratio_poster/public/p2518184536.jpg
帷幕：波洛的最后一案,9.1,英国,悬疑,https://movie.douban.com/subject/25892252/,https://img1.doubanio.com/view/photo/s_ratio_poster/public/p2184353409.jpg
爬行人,9.1,英国,悬疑,https://movie.douban.com/subject/3676858/,https://img3.doubanio.com/view/photo/s_ratio_poster/public/p2518184561.jpg
福尔摩斯：跳舞的人,9.1,英国,悬疑,https://movie.douban.com/subject/3230514/,https://img3.doubanio.com/view/photo/s_ratio_poster/public/p2511441892.jpg
六座拿破仑半身像,9.1,英国,悬疑,https://movie.douban.com/subject/3607036/,https://img3.doubanio.com/view/photo/s_ratio_poster/public/p2511444146.jpg
魔鬼之足,9.1,英国,悬疑,https://movie.douban.com/subject/3607038/,https://img3.doubanio.com/view/photo/s_ratio_poster/public/p2511443805.jpg
银色马,9.1,英国,悬疑,https://movie.douban.com/subject/3607042/,https://img1.doubanio.com/view/photo/s_ratio_poster/public/p2511443948.jpg
弗朗西丝·卡法克斯女士的失踪,9.1,英国,悬疑,https://movie.douban.com/subject/3610756/,https://img3.doubanio.com/view/photo/s_ratio_poster/public/p2509534726.jpg
硬纸盒子,9.1,英国,悬疑,https://movie.douban.com/subject/3712242/,https://img3.doubanio.com/view/photo/s_ratio_poster/public/p2509534531.jpg
第二块血迹,9.1,英国,悬疑,https://movie.douban.com/subject/3607018/,https://img3.doubanio.com/view/photo/s_ratio_poster/public/p2511443522.jpg
歌唱神探,9.1,英国,悬疑,https://movie.douban.com/subject/1499667/,https://img3.doubanio.com/view/subject/l/public/s4178164.jpg
四签名,9.0,英国,悬疑,https://movie.douban.com/subject/3130431/,https://img1.doubanio.com/view/photo/s_ratio_poster/public/p2511444258.jpg
格兰其庄园,9.0,英国,悬疑,https://movie.douban.com/subject/3603220/,https://img3.doubanio.com/view/photo/s_ratio_poster/public/p2511442463.jpg
博斯科姆比溪谷秘案,9.0,英国,悬疑,https://movie.douban.com/subject/3630749/,https://img1.doubanio.com/view/photo/s_ratio_poster/public/p2518184497.jpg
三角墙山庄,9.0,英国,悬疑,https://movie.douban.com/subject/3676930/,https://img1.doubanio.com/view/photo/s_ratio_poster/public/p2518184667.jpg
歪唇男人,9.0,英国,悬疑,https://movie.douban.com/subject/3607022/,https://img3.doubanio.com/view/photo/s_ratio_poster/public/p2511443473.jpg
雷神桥之谜,9.0,英国,悬疑,https://movie.douban.com/subject/3610794/,https://img3.doubanio.com/view/photo/s_ratio_poster/public/p2518184394.jpg
调音师,9.2,法国,悬疑,https://movie.douban.com/subject/6846495/,https://img1.doubanio.com/view/photo/s_ratio_poster/public/p1529066859.jpg
窃听风暴,9.1,德国,悬疑,https://movie.douban.com/subject/1900841/,https://img1.doubanio.com/view/photo/s_ratio_poster/public/p1808872109.jpg
搏击俱乐部,9.0,德国,悬疑,https://movie.douban.com/subject/1292000/,https://img1.doubanio.com/view/photo/s_ratio_poster/public/p1910926158.jpg
